학생명,학생연락처,강의명,강사명
김민준,010-1001-0001,고1 수학 정규반,박지훈
김민준,010-1001-0001,고1 영어 독해반,김서연
이서연,010-1001-0002,고1 수학 정규반,박지훈
이서연,010-1001-0002,고1 영어 독해반,김서연
박지호,010-1001-0003,고1 수학 정규반,박지훈
박지호,010-1001-0003,고1 영어 독해반,김서연
최하윤,010-1001-0004,고1 수학 정규반,박지훈
최하윤,010-1001-0004,고1 영어 독해반,김서연
정도윤,010-1001-0005,고1 수학 정규반,박지훈
정도윤,010-1001-0005,고1 영어 독해반,김서연
강서아,010-1001-0006,고1 수학 정규반,박지훈
강서아,010-1001-0006,고1 영어 독해반,김서연
조유찬,010-1001-0007,고1 수학 정규반,박지훈
조유찬,010-1001-0007,고1 영어 독해반,김서연
윤채원,010-1001-0008,고1 수학 정규반,박지훈
윤채원,010-1001-0008,고1 영어 독해반,김서연
장시우,010-1001-0009,고1 수학 정규반,박지훈
장시우,010-1001-0009,고1 영어 독해반,김서연
임나은,010-1001-0010,고1 수학 정규반,박지훈
임나은,010-1001-0010,고1 영어 독해반,김서연
오준서,010-1001-0011,고2 수학 심화반,이도현
오준서,010-1001-0011,고2 영어 내신반,최유진
한지민,010-1001-0012,고2 수학 심화반,이도현
한지민,010-1001-0012,고2 영어 내신반,최유진
신예준,010-1001-0013,고2 수학 심화반,이도현
신예준,010-1001-0013,고2 영어 내신반,최유진
서아린,010-1001-0014,고2 수학 심화반,이도현
서아린,010-1001-0014,고2 영어 내신반,최유진
권도현,010-1001-0015,고2 수학 심화반,이도현
권도현,010-1001-0015,고2 영어 내신반,최유진
황수빈,010-1001-0016,고2 수학 심화반,이도현
황수빈,010-1001-0016,고2 영어 내신반,최유진
안태오,010-1001-0017,고2 수학 심화반,이도현
안태오,010-1001-0017,고2 영어 내신반,최유진
배소율,010-1001-0018,고2 수학 심화반,이도현
배소율,010-1001-0018,고2 영어 내신반,최유진
문지후,010-1001-0019,고2 수학 심화반,이도현
문지후,010-1001-0019,고2 영어 내신반,최유진
노하린,010-1001-0020,고2 수학 심화반,이도현
노하린,010-1001-0020,고2 영어 내신반,최유진
홍민재,010-1001-0021,고3 수학 수능반,정민석
홍민재,010-1001-0021,고3 영어 수능반,한지아
유서윤,010-1001-0022,고3 수학 수능반,정민석
유서윤,010-1001-0022,고3 영어 수능반,한지아
백도겸,010-1001-0023,고3 수학 수능반,정민석
백도겸,010-1001-0023,고3 영어 수능반,한지아
남예린,010-1001-0024,고3 수학 수능반,정민석
남예린,010-1001-0024,고3 영어 수능반,한지아
심우진,010-1001-0025,고3 수학 수능반,정민석
심우진,010-1001-0025,고3 영어 수능반,한지아
구채은,010-1001-0026,고3 수학 수능반,정민석
구채은,010-1001-0026,고3 영어 수능반,한지아
양준혁,010-1001-0027,고3 수학 수능반,정민석
양준혁,010-1001-0027,고3 영어 수능반,한지아
하서현,010-1001-0028,고3 수학 수능반,정민석
하서현,010-1001-0028,고3 영어 수능반,한지아
류건우,010-1001-0029,고3 수학 수능반,정민석
류건우,010-1001-0029,고3 영어 수능반,한지아
민가은,010-1001-0030,고3 수학 수능반,정민석
민가은,010-1001-0030,고3 영어 수능반,한지아
전시온,010-1001-0031,중3 수학 선행반,오세훈
송다은,010-1001-0032,중3 영어 문법반,서민정
고은우,010-1001-0033,중3 수학 선행반,오세훈
차예원,010-1001-0034,중3 영어 문법반,서민정
주현우,010-1001-0035,중3 수학 선행반,오세훈
천소민,010-1001-0036,중3 영어 문법반,서민정
마도윤,010-1001-0037,중3 수학 선행반,오세훈
길하은,010-1001-0038,중3 영어 문법반,서민정
방준영,010-1001-0039,중3 수학 선행반,오세훈
성유나,010-1001-0040,중3 영어 문법반,서민정
피서준,010-1001-0041,중2 수학 기본반,문태영
도하율,010-1001-0042,중2 수학 기본반,문태영
라지안,010-1001-0043,중2 수학 기본반,문태영
엄채아,010-1001-0044,중2 수학 기본반,문태영
표민성,010-1001-0045,중2 수학 기본반,문태영
김하준,010-1001-0046,중1 영어 입문반,강다희
이루다,010-1001-0047,중1 영어 입문반,강다희
박서우,010-1001-0048,중1 영어 입문반,강다희
최유림,010-1001-0049,중1 영어 입문반,강다희
정이안,010-1001-0050,중1 영어 입문반,강다희
